{"cameraMode":{"drawMode":0,"name":"Shaded","section":"Shading Mode"},"sceneLighting":true,"audioPlay":false,"sceneViewState":{"m_AlwaysRefresh":false,"showFog":true,"showSkybox":true,"showFlares":true,"showImageEffects":true,"showParticleSystems":true,"showVisualEffectGraphs":true,"m_FxEnabled":true},"in2DMode":false,"pivot":{"x":-1.237909197807312,"y":0.05886644124984741,"z":-34.208797454833987},"rotation":{"x":-0.05864960700273514,"y":-0.898280143737793,"z":0.12641271948814393,"w":-0.41675615310668948},"size":7.326482772827148,"orthographic":false}