{"cameraMode":{"drawMode":0,"name":"Shaded","section":"Shading Mode"},"sceneLighting":false,"audioPlay":false,"sceneViewState":{"m_AlwaysRefresh":false,"showFog":true,"showSkybox":false,"showFlares":true,"showImageEffects":true,"showParticleSystems":true,"showVisualEffectGraphs":true,"m_FxEnabled":true},"in2DMode":false,"pivot":{"x":1.7715282440185547,"y":0.8354580998420715,"z":-33.58210372924805},"rotation":{"x":0.09589272737503052,"y":-0.0742735043168068,"z":0.0071758064441382889,"w":0.9925916194915772},"size":5.047921657562256,"orthographic":false}