{"cameraMode":{"drawMode":0,"name":"Shaded","section":"Shading Mode"},"sceneLighting":false,"audioPlay":false,"sceneViewState":{"m_AlwaysRefresh":false,"showFog":true,"showSkybox":false,"showFlares":true,"showImageEffects":true,"showParticleSystems":true,"showVisualEffectGraphs":true,"m_FxEnabled":true},"in2DMode":false,"pivot":{"x":-2.5445070266723635,"y":-0.6529744863510132,"z":2.2100820541381838},"rotation":{"x":0.11641006916761399,"y":-0.6479185223579407,"z":0.10111331939697266,"w":0.7459415793418884},"size":4.5520782470703129,"orthographic":false}